{"cameraMode":{"drawMode":0,"name":"Shaded","section":"Shading Mode"},"sceneLighting":true,"audioPlay":false,"sceneViewState":{"showFog":true,"showMaterialUpdate":false,"showSkybox":true,"showFlares":true,"showImageEffects":true,"showParticleSystems":true},"in2DMode":false,"pivot":{"x":0.4549250602722168,"y":-0.9989999532699585,"z":8.090246200561524},"rotation":{"x":0.153257817029953,"y":-0.020750295370817186,"z":0.0032189181074500086,"w":0.9879640936851502},"size":3.0516388416290285,"orthographic":false}