{"cameraMode":{"drawMode":0,"name":"Shaded","section":"Shading Mode"},"sceneLighting":true,"audioPlay":false,"sceneViewState":{"showFog":true,"showMaterialUpdate":false,"showSkybox":true,"showFlares":true,"showImageEffects":true,"showParticleSystems":true},"in2DMode":false,"pivot":{"x":10.0083646774292,"y":-51.16230010986328,"z":116.77604675292969},"rotation":{"x":0.2179516702890396,"y":0.039514053612947467,"z":-0.00883198156952858,"w":0.9751210808753967},"size":70.88086700439453,"orthographic":false}