{"cameraMode":{"drawMode":0,"name":"Shaded","section":"Shading Mode"},"sceneLighting":false,"audioPlay":false,"sceneViewState":{"showFog":true,"showMaterialUpdate":false,"showSkybox":false,"showFlares":true,"showImageEffects":true,"showParticleSystems":true},"in2DMode":false,"pivot":{"x":0.11287117004394531,"y":-5.2290120124816898,"z":-4.054466247558594},"rotation":{"x":0.010666600428521634,"y":-0.6716310381889343,"z":0.009670604020357132,"w":0.7407479882240295},"size":2.0660252571105959,"orthographic":false}